ID,NOMBRE_COMPLETO
A001,Juan Pérez González
A002,María García López
A003,Pedro López Martínez
A004,Ana Martínez Rodríguez
A005,Luis Rodríguez Fernández
A006,Carmen Fernández García
A007,José González Ramírez
A008,Laura Sánchez Torres
A009,Carlos Ramírez Flores
A010,Sofía Torres Rivera
A011,Miguel Flores Morales
A012,Lucía Rivera Castillo
A013,Diego Morales Reyes
A014,Valentina Castillo Vargas
A015,Andrés Reyes Mendoza
A016,Isabella Vargas Guzmán
A017,Mateo Mendoza Silva
A018,Emma Guzmán Rojas
A019,Santiago Silva Pérez
A020,Martina Rojas García